name,category,subcategory,city,state,country,website_url,store_url,gift_shop_url,online_store_url,vendor_application_url,wholesale_url,contact_page_url,general_email,correct_business_email,retail_contact_name,retail_contact_title,retail_contact_email,partnership_contact_name,partnership_contact_email,procurement_contact_email,phone,LinkedIn,Instagram,TikTok,YouTube,source_url,source_type,evidence_notes,recommended_product_angle,opportunity_score,confidence_score,outreach_status,personalized_email_draft
The Metropolitan Museum of Art,Museums & Cultural Institutions,Art museum,New York,NY,US,https://www.metmuseum.org,https://store.metmuseum.org/,https://store.metmuseum.org/,https://store.metmuseum.org/,,,https://www.metmuseum.org/about-the-met/contact,,,,Museum store / retail partnerships,,,,,+1 212-535-7710,https://www.linkedin.com/company/the-metropolitan-museum-of-art/,https://www.instagram.com/metmuseum/,,,https://store.metmuseum.org/,official_store,official Met Store with broad collection-based merchandise and strong global visitor audience,museum gift capsule,96,95,manual_review,"Hi The Metropolitan Museum of Art team,

I noticed official Met Store with broad collection-based merchandise and strong global visitor audience. Auctus Lab designs premium cultural merchandise, city gifts, and limited-edition products for institutions with strong visitor, community, or brand stories.

One idea that may fit your audience is a museum gift capsule. We can develop a small custom capsule around a collection, landmark, event, or seasonal campaign and keep the concept retail-ready for gift shops or partner programs.

Would it be worth a brief introductory call to see whether this could fit an upcoming retail, event, or gifting priority?

Best,
Auctus Lab"
The Museum of Modern Art,Museums & Cultural Institutions,Modern art museum,New York,NY,US,https://www.moma.org,https://store.moma.org/,https://store.moma.org/,https://store.moma.org/,,,https://www.moma.org/about/contact,,,,Design store retail team,,,,,+1 212-708-9400,https://www.linkedin.com/company/the-museum-of-modern-art/,https://www.instagram.com/themuseumofmodernart/,,,https://store.moma.org/,official_store,MoMA Design Store is a leading museum retail model with design-forward gift products,limited-edition design merchandise,97,96,manual_review,"Hi The Museum of Modern Art team,

I noticed MoMA Design Store is a leading museum retail model with design-forward gift products. Auctus Lab designs premium cultural merchandise, city gifts, and limited-edition products for institutions with strong visitor, community, or brand stories.

One idea that may fit your audience is a limited-edition design merchandise. We can develop a small custom capsule around a collection, landmark, event, or seasonal campaign and keep the concept retail-ready for gift shops or partner programs.

Would it be worth a brief introductory call to see whether this could fit an upcoming retail, event, or gifting priority?

Best,
Auctus Lab"
Art Institute of Chicago,Museums & Cultural Institutions,Art museum,Chicago,IL,US,https://www.artic.edu,https://shop.artic.edu/,https://shop.artic.edu/,https://shop.artic.edu/,,,https://www.artic.edu/contact,,,,Museum shop retail team,,,,,+1 312-443-3600,https://www.linkedin.com/company/art-institute-of-chicago/,https://www.instagram.com/artinstitutechi/,,,https://shop.artic.edu/,official_store,official museum shop and large encyclopedic art collection,museum gift capsule,94,94,manual_review,"Hi Art Institute of Chicago team,

I noticed official museum shop and large encyclopedic art collection. Auctus Lab designs premium cultural merchandise, city gifts, and limited-edition products for institutions with strong visitor, community, or brand stories.

One idea that may fit your audience is a museum gift capsule. We can develop a small custom capsule around a collection, landmark, event, or seasonal campaign and keep the concept retail-ready for gift shops or partner programs.

Would it be worth a brief introductory call to see whether this could fit an upcoming retail, event, or gifting priority?

Best,
Auctus Lab"
J. Paul Getty Museum,Museums & Cultural Institutions,Art museum,Los Angeles,CA,US,https://www.getty.edu,https://shop.getty.edu/,https://shop.getty.edu/,https://shop.getty.edu/,,,https://www.getty.edu/about/contact_us.html,,,,Museum store retail team,,,,,+1 310-440-7300,https://www.linkedin.com/company/getty-museum/,https://www.instagram.com/gettymuseum/,,,https://shop.getty.edu/,official_store,official Getty shop and premium art/culture visitor base,museum gift capsule,92,92,manual_review,"Hi J. Paul Getty Museum team,

I noticed official Getty shop and premium art/culture visitor base. Auctus Lab designs premium cultural merchandise, city gifts, and limited-edition products for institutions with strong visitor, community, or brand stories.

One idea that may fit your audience is a museum gift capsule. We can develop a small custom capsule around a collection, landmark, event, or seasonal campaign and keep the concept retail-ready for gift shops or partner programs.

Would it be worth a brief introductory call to see whether this could fit an upcoming retail, event, or gifting priority?

Best,
Auctus Lab"
Smithsonian Institution,Museums & Cultural Institutions,Museum network,Washington,DC,US,https://www.si.edu,https://www.smithsonianstore.com/,https://www.smithsonianstore.com/,https://www.smithsonianstore.com/,,,https://www.si.edu/contact,,,,Smithsonian Store retail team,,,,,+1 202-633-1000,https://www.linkedin.com/company/smithsonian-institution/,https://www.instagram.com/smithsonian/,,,https://www.smithsonianstore.com/,official_store,national museum network with official online store and education audience,children's educational gift,91,92,manual_review,"Hi Smithsonian Institution team,

I noticed national museum network with official online store and education audience. Auctus Lab designs premium cultural merchandise, city gifts, and limited-edition products for institutions with strong visitor, community, or brand stories.

One idea that may fit your audience is a children's educational gift. We can develop a small custom capsule around a collection, landmark, event, or seasonal campaign and keep the concept retail-ready for gift shops or partner programs.

Would it be worth a brief introductory call to see whether this could fit an upcoming retail, event, or gifting priority?

Best,
Auctus Lab"
Whitney Museum of American Art,Museums & Cultural Institutions,Contemporary art museum,New York,NY,US,https://whitney.org,https://shop.whitney.org/,https://shop.whitney.org/,https://shop.whitney.org/,,,,,,,Museum shop retail team,,,,,,,https://www.instagram.com/whitneymuseum/,,,https://shop.whitney.org/,official_store,contemporary art museum with official online shop,museum gift capsule,86,88,manual_review,"Hi Whitney Museum of American Art team,

I noticed contemporary art museum with official online shop. Auctus Lab designs premium cultural merchandise, city gifts, and limited-edition products for institutions with strong visitor, community, or brand stories.

One idea that may fit your audience is a museum gift capsule. We can develop a small custom capsule around a collection, landmark, event, or seasonal campaign and keep the concept retail-ready for gift shops or partner programs.

Would it be worth a brief introductory call to see whether this could fit an upcoming retail, event, or gifting priority?

Best,
Auctus Lab"
Solomon R. Guggenheim Museum,Museums & Cultural Institutions,Art museum,New York,NY,US,https://www.guggenheim.org,https://www.guggenheimstore.org/,https://www.guggenheimstore.org/,https://www.guggenheimstore.org/,,,,,,,Museum shop retail team,,,,,,,https://www.instagram.com/guggenheim/,,,https://www.guggenheimstore.org/,official_store,global art museum with official Guggenheim Store,museum gift capsule,86,88,manual_review,"Hi Solomon R. Guggenheim Museum team,

I noticed global art museum with official Guggenheim Store. Auctus Lab designs premium cultural merchandise, city gifts, and limited-edition products for institutions with strong visitor, community, or brand stories.

One idea that may fit your audience is a museum gift capsule. We can develop a small custom capsule around a collection, landmark, event, or seasonal campaign and keep the concept retail-ready for gift shops or partner programs.

Would it be worth a brief introductory call to see whether this could fit an upcoming retail, event, or gifting priority?

Best,
Auctus Lab"
Los Angeles County Museum of Art,Museums & Cultural Institutions,Art museum,Los Angeles,CA,US,https://www.lacma.org,https://www.thelacmastore.org/,https://www.thelacmastore.org/,https://www.thelacmastore.org/,,,,,,,Museum shop retail team,,,,,,,https://www.instagram.com/lacma/,,,https://www.thelacmastore.org/,official_store,major Los Angeles art museum with official store,museum gift capsule,86,88,manual_review,"Hi Los Angeles County Museum of Art team,

I noticed major Los Angeles art museum with official store. Auctus Lab designs premium cultural merchandise, city gifts, and limited-edition products for institutions with strong visitor, community, or brand stories.

One idea that may fit your audience is a museum gift capsule. We can develop a small custom capsule around a collection, landmark, event, or seasonal campaign and keep the concept retail-ready for gift shops or partner programs.

Would it be worth a brief introductory call to see whether this could fit an upcoming retail, event, or gifting priority?

Best,
Auctus Lab"
"Museum of Fine Arts, Boston",Museums & Cultural Institutions,Art museum,Boston,MA,US,https://www.mfa.org,https://mfashop.com/,https://mfashop.com/,https://mfashop.com/,,,,,,,Museum shop retail team,,,,,,,https://www.instagram.com/mfaboston/,,,https://mfashop.com/,official_store,official MFA Shop and strong cultural gift audience,museum gift capsule,86,88,manual_review,"Hi Museum of Fine Arts, Boston team,

I noticed official MFA Shop and strong cultural gift audience. Auctus Lab designs premium cultural merchandise, city gifts, and limited-edition products for institutions with strong visitor, community, or brand stories.

One idea that may fit your audience is a museum gift capsule. We can develop a small custom capsule around a collection, landmark, event, or seasonal campaign and keep the concept retail-ready for gift shops or partner programs.

Would it be worth a brief introductory call to see whether this could fit an upcoming retail, event, or gifting priority?

Best,
Auctus Lab"
Philadelphia Museum of Art,Museums & Cultural Institutions,Art museum,Philadelphia,PA,US,https://philamuseum.org,https://store.philamuseum.org/,https://store.philamuseum.org/,https://store.philamuseum.org/,,,,,,,Museum shop retail team,,,,,,,https://www.instagram.com/philamuseum/,,,https://store.philamuseum.org/,official_store,official online store and strong visitor retail opportunity,museum gift capsule,86,88,manual_review,"Hi Philadelphia Museum of Art team,

I noticed official online store and strong visitor retail opportunity. Auctus Lab designs premium cultural merchandise, city gifts, and limited-edition products for institutions with strong visitor, community, or brand stories.

One idea that may fit your audience is a museum gift capsule. We can develop a small custom capsule around a collection, landmark, event, or seasonal campaign and keep the concept retail-ready for gift shops or partner programs.

Would it be worth a brief introductory call to see whether this could fit an upcoming retail, event, or gifting priority?

Best,
Auctus Lab"
Denver Art Museum,Museums & Cultural Institutions,Art museum,Denver,CO,US,https://www.denverartmuseum.org,https://shop.denverartmuseum.org/,https://shop.denverartmuseum.org/,https://shop.denverartmuseum.org/,,,,,,,Museum shop retail team,,,,,,,https://www.instagram.com/denverartmuseum/,,,https://shop.denverartmuseum.org/,official_store,official museum shop and regional tourism audience,museum gift capsule,86,88,manual_review,"Hi Denver Art Museum team,

I noticed official museum shop and regional tourism audience. Auctus Lab designs premium cultural merchandise, city gifts, and limited-edition products for institutions with strong visitor, community, or brand stories.

One idea that may fit your audience is a museum gift capsule. We can develop a small custom capsule around a collection, landmark, event, or seasonal campaign and keep the concept retail-ready for gift shops or partner programs.

Would it be worth a brief introductory call to see whether this could fit an upcoming retail, event, or gifting priority?

Best,
Auctus Lab"
Nelson-Atkins Museum of Art,Museums & Cultural Institutions,Art museum,Kansas City,MO,US,https://nelson-atkins.org,https://shop.nelson-atkins.org/,https://shop.nelson-atkins.org/,https://shop.nelson-atkins.org/,,,,,,,Museum shop retail team,,,,,,,https://www.instagram.com/nelsonatkins/,,,https://shop.nelson-atkins.org/,official_store,official museum store and collection-based gift fit,museum gift capsule,86,88,manual_review,"Hi Nelson-Atkins Museum of Art team,

I noticed official museum store and collection-based gift fit. Auctus Lab designs premium cultural merchandise, city gifts, and limited-edition products for institutions with strong visitor, community, or brand stories.

One idea that may fit your audience is a museum gift capsule. We can develop a small custom capsule around a collection, landmark, event, or seasonal campaign and keep the concept retail-ready for gift shops or partner programs.

Would it be worth a brief introductory call to see whether this could fit an upcoming retail, event, or gifting priority?

Best,
Auctus Lab"
Cleveland Museum of Art,Museums & Cultural Institutions,Art museum,Cleveland,OH,US,https://www.clevelandart.org,https://store.clevelandart.org/,https://store.clevelandart.org/,https://store.clevelandart.org/,,,,,,,Museum shop retail team,,,,,,,https://www.instagram.com/clevelandmuseumofart/,,,https://store.clevelandart.org/,official_store,official store and encyclopedic collection,museum gift capsule,86,88,manual_review,"Hi Cleveland Museum of Art team,

I noticed official store and encyclopedic collection. Auctus Lab designs premium cultural merchandise, city gifts, and limited-edition products for institutions with strong visitor, community, or brand stories.

One idea that may fit your audience is a museum gift capsule. We can develop a small custom capsule around a collection, landmark, event, or seasonal campaign and keep the concept retail-ready for gift shops or partner programs.

Would it be worth a brief introductory call to see whether this could fit an upcoming retail, event, or gifting priority?

Best,
Auctus Lab"
Detroit Institute of Arts,Museums & Cultural Institutions,Art museum,Detroit,MI,US,https://dia.org,https://diashop.org/,https://diashop.org/,https://diashop.org/,,,,,,,Museum shop retail team,,,,,,,https://www.instagram.com/diadetroit/,,,https://diashop.org/,official_store,official DIA shop and city cultural audience,museum gift capsule,86,88,manual_review,"Hi Detroit Institute of Arts team,

I noticed official DIA shop and city cultural audience. Auctus Lab designs premium cultural merchandise, city gifts, and limited-edition products for institutions with strong visitor, community, or brand stories.

One idea that may fit your audience is a museum gift capsule. We can develop a small custom capsule around a collection, landmark, event, or seasonal campaign and keep the concept retail-ready for gift shops or partner programs.

Would it be worth a brief introductory call to see whether this could fit an upcoming retail, event, or gifting priority?

Best,
Auctus Lab"
Walker Art Center,Museums & Cultural Institutions,Contemporary art museum,Minneapolis,MN,US,https://walkerart.org,https://shop.walkerart.org/,https://shop.walkerart.org/,https://shop.walkerart.org/,,,,,,,Museum shop retail team,,,,,,,https://www.instagram.com/walkerartcenter/,,,https://shop.walkerart.org/,official_store,official shop and design-forward audience,museum gift capsule,86,88,manual_review,"Hi Walker Art Center team,

I noticed official shop and design-forward audience. Auctus Lab designs premium cultural merchandise, city gifts, and limited-edition products for institutions with strong visitor, community, or brand stories.

One idea that may fit your audience is a museum gift capsule. We can develop a small custom capsule around a collection, landmark, event, or seasonal campaign and keep the concept retail-ready for gift shops or partner programs.

Would it be worth a brief introductory call to see whether this could fit an upcoming retail, event, or gifting priority?

Best,
Auctus Lab"
Crystal Bridges Museum of American Art,Museums & Cultural Institutions,Art museum,Bentonville,AR,US,https://crystalbridges.org,https://store.crystalbridges.org/,https://store.crystalbridges.org/,https://store.crystalbridges.org/,,,,,,,Museum shop retail team,,,,,,,https://www.instagram.com/crystalbridgesmuseum/,,,https://store.crystalbridges.org/,official_store,official store and tourism audience,museum gift capsule,86,88,manual_review,"Hi Crystal Bridges Museum of American Art team,

I noticed official store and tourism audience. Auctus Lab designs premium cultural merchandise, city gifts, and limited-edition products for institutions with strong visitor, community, or brand stories.

One idea that may fit your audience is a museum gift capsule. We can develop a small custom capsule around a collection, landmark, event, or seasonal campaign and keep the concept retail-ready for gift shops or partner programs.

Would it be worth a brief introductory call to see whether this could fit an upcoming retail, event, or gifting priority?

Best,
Auctus Lab"
High Museum of Art,Museums & Cultural Institutions,Art museum,Atlanta,GA,US,https://high.org,https://museumshop.high.org/,https://museumshop.high.org/,https://museumshop.high.org/,,,,,,,Museum shop retail team,,,,,,,https://www.instagram.com/highmuseumofart/,,,https://museumshop.high.org/,official_store,official museum shop and regional cultural audience,museum gift capsule,86,88,manual_review,"Hi High Museum of Art team,

I noticed official museum shop and regional cultural audience. Auctus Lab designs premium cultural merchandise, city gifts, and limited-edition products for institutions with strong visitor, community, or brand stories.

One idea that may fit your audience is a museum gift capsule. We can develop a small custom capsule around a collection, landmark, event, or seasonal campaign and keep the concept retail-ready for gift shops or partner programs.

Would it be worth a brief introductory call to see whether this could fit an upcoming retail, event, or gifting priority?

Best,
Auctus Lab"
Asian Art Museum,Museums & Cultural Institutions,Asian art museum,San Francisco,CA,US,https://asianart.org,https://shop.asianart.org/,https://shop.asianart.org/,https://shop.asianart.org/,,,,,,,Museum shop retail team,,,,,,,https://www.instagram.com/asianartmuseum/,,,https://shop.asianart.org/,official_store,Asian art collection and official shop create strong product fit,panda / Chinese culture collection,94,88,manual_review,"Hi Asian Art Museum team,

I noticed Asian art collection and official shop create strong product fit. Auctus Lab designs premium cultural merchandise, city gifts, and limited-edition products for institutions with strong visitor, community, or brand stories.

One idea that may fit your audience is a panda / Chinese culture collection. We can develop a small custom capsule around a collection, landmark, event, or seasonal campaign and keep the concept retail-ready for gift shops or partner programs.

Would it be worth a brief introductory call to see whether this could fit an upcoming retail, event, or gifting priority?

Best,
Auctus Lab"
Peabody Essex Museum,Museums & Cultural Institutions,Art and culture museum,Salem,MA,US,https://www.pem.org,https://pemshop.com/,https://pemshop.com/,https://pemshop.com/,,,,,,,Museum shop retail team,,,,,,,https://www.instagram.com/peabodyessex/,,,https://pemshop.com/,official_store,official museum shop and Asian export art/culture fit,museum gift capsule,86,88,manual_review,"Hi Peabody Essex Museum team,

I noticed official museum shop and Asian export art/culture fit. Auctus Lab designs premium cultural merchandise, city gifts, and limited-edition products for institutions with strong visitor, community, or brand stories.

One idea that may fit your audience is a museum gift capsule. We can develop a small custom capsule around a collection, landmark, event, or seasonal campaign and keep the concept retail-ready for gift shops or partner programs.

Would it be worth a brief introductory call to see whether this could fit an upcoming retail, event, or gifting priority?

Best,
Auctus Lab"
National Gallery of Art,Museums & Cultural Institutions,Art museum,Washington,DC,US,https://www.nga.gov,https://shop.nga.gov/,https://shop.nga.gov/,https://shop.nga.gov/,,,,,,,Museum shop retail team,,,,,,,https://www.instagram.com/ngadc/,,,https://shop.nga.gov/,official_store,official shop and national art audience,museum gift capsule,86,88,manual_review,"Hi National Gallery of Art team,

I noticed official shop and national art audience. Auctus Lab designs premium cultural merchandise, city gifts, and limited-edition products for institutions with strong visitor, community, or brand stories.

One idea that may fit your audience is a museum gift capsule. We can develop a small custom capsule around a collection, landmark, event, or seasonal campaign and keep the concept retail-ready for gift shops or partner programs.

Would it be worth a brief introductory call to see whether this could fit an upcoming retail, event, or gifting priority?

Best,
Auctus Lab"
Grand Canyon Conservancy,Tourism & Attractions,National park partner store,Grand Canyon Village,AZ,US,https://www.grandcanyon.org,https://shop.grandcanyon.org/,https://shop.grandcanyon.org/,https://shop.grandcanyon.org/,,,https://www.grandcanyon.org,,,,Attraction retail team,,,,,,,,,,https://shop.grandcanyon.org/,official_store,official conservancy shop for Grand Canyon visitor audience,city landmark collection,86,87,manual_review,"Hi Grand Canyon Conservancy team,

I noticed official conservancy shop for Grand Canyon visitor audience. Auctus Lab designs premium cultural merchandise, city gifts, and limited-edition products for institutions with strong visitor, community, or brand stories.

One idea that may fit your audience is a city landmark collection. We can develop a small custom capsule around a collection, landmark, event, or seasonal campaign and keep the concept retail-ready for gift shops or partner programs.

Would it be worth a brief introductory call to see whether this could fit an upcoming retail, event, or gifting priority?

Best,
Auctus Lab"
Golden Gate National Parks Conservancy,Tourism & Attractions,National park partner store,San Francisco,CA,US,https://www.parksconservancy.org,https://store.parksconservancy.org/,https://store.parksconservancy.org/,https://store.parksconservancy.org/,,,https://www.parksconservancy.org,,,,Attraction retail team,,,,,,,,,,https://store.parksconservancy.org/,official_store,official park conservancy store and landmark audience,city landmark collection,86,87,manual_review,"Hi Golden Gate National Parks Conservancy team,

I noticed official park conservancy store and landmark audience. Auctus Lab designs premium cultural merchandise, city gifts, and limited-edition products for institutions with strong visitor, community, or brand stories.

One idea that may fit your audience is a city landmark collection. We can develop a small custom capsule around a collection, landmark, event, or seasonal campaign and keep the concept retail-ready for gift shops or partner programs.

Would it be worth a brief introductory call to see whether this could fit an upcoming retail, event, or gifting priority?

Best,
Auctus Lab"
Statue City Cruises,Tourism & Attractions,Landmark attraction,New York,NY,US,https://www.cityexperiences.com/new-york/city-cruises/statue/,,,,,,https://www.cityexperiences.com/new-york/city-cruises/statue/,,,,,,,,,,,,,,https://www.cityexperiences.com/new-york/city-cruises/statue/,official_website,official Statue of Liberty/Ellis Island cruise operator visitor channel,city landmark collection,76,78,manual_review,"Hi Statue City Cruises team,

I noticed official Statue of Liberty/Ellis Island cruise operator visitor channel. Auctus Lab designs premium cultural merchandise, city gifts, and limited-edition products for institutions with strong visitor, community, or brand stories.

One idea that may fit your audience is a city landmark collection. We can develop a small custom capsule around a collection, landmark, event, or seasonal campaign and keep the concept retail-ready for gift shops or partner programs.

Would it be worth a brief introductory call to see whether this could fit an upcoming retail, event, or gifting priority?

Best,
Auctus Lab"
Empire State Building Observatory,Tourism & Attractions,Observation deck,New York,NY,US,https://www.esbnyc.com,https://shop.esbnyc.com/,https://shop.esbnyc.com/,https://shop.esbnyc.com/,,,https://www.esbnyc.com,,,,Attraction retail team,,,,,,,,,,https://shop.esbnyc.com/,official_store,official Empire State Building shop and tourism market,city landmark collection,86,87,manual_review,"Hi Empire State Building Observatory team,

I noticed official Empire State Building shop and tourism market. Auctus Lab designs premium cultural merchandise, city gifts, and limited-edition products for institutions with strong visitor, community, or brand stories.

One idea that may fit your audience is a city landmark collection. We can develop a small custom capsule around a collection, landmark, event, or seasonal campaign and keep the concept retail-ready for gift shops or partner programs.

Would it be worth a brief introductory call to see whether this could fit an upcoming retail, event, or gifting priority?

Best,
Auctus Lab"
Space Needle,Tourism & Attractions,Observation deck,Seattle,WA,US,https://www.spaceneedle.com,https://shop.spaceneedle.com/,https://shop.spaceneedle.com/,https://shop.spaceneedle.com/,,,https://www.spaceneedle.com,,,,Attraction retail team,,,,,,,,,,https://shop.spaceneedle.com/,official_store,official shop for major Seattle landmark,city landmark collection,86,87,manual_review,"Hi Space Needle team,

I noticed official shop for major Seattle landmark. Auctus Lab designs premium cultural merchandise, city gifts, and limited-edition products for institutions with strong visitor, community, or brand stories.

One idea that may fit your audience is a city landmark collection. We can develop a small custom capsule around a collection, landmark, event, or seasonal campaign and keep the concept retail-ready for gift shops or partner programs.

Would it be worth a brief introductory call to see whether this could fit an upcoming retail, event, or gifting priority?

Best,
Auctus Lab"
Gateway Arch Park Foundation,Tourism & Attractions,National park foundation,St. Louis,MO,US,https://www.archpark.org,https://shop.archpark.org/,https://shop.archpark.org/,https://shop.archpark.org/,,,https://www.archpark.org,,,,Attraction retail team,,,,,,,,,,https://shop.archpark.org/,official_store,official Gateway Arch park foundation shop,city landmark collection,86,87,manual_review,"Hi Gateway Arch Park Foundation team,

I noticed official Gateway Arch park foundation shop. Auctus Lab designs premium cultural merchandise, city gifts, and limited-edition products for institutions with strong visitor, community, or brand stories.

One idea that may fit your audience is a city landmark collection. We can develop a small custom capsule around a collection, landmark, event, or seasonal campaign and keep the concept retail-ready for gift shops or partner programs.

Would it be worth a brief introductory call to see whether this could fit an upcoming retail, event, or gifting priority?

Best,
Auctus Lab"
Colonial Williamsburg,Tourism & Attractions,Historic site,Williamsburg,VA,US,https://www.colonialwilliamsburg.org,https://shop.colonialwilliamsburg.com/,https://shop.colonialwilliamsburg.com/,https://shop.colonialwilliamsburg.com/,,,https://www.colonialwilliamsburg.org,,,,Attraction retail team,,,,,,,,,,https://shop.colonialwilliamsburg.com/,official_store,official shop for historic destination,heritage gift collection,86,87,manual_review,"Hi Colonial Williamsburg team,

I noticed official shop for historic destination. Auctus Lab designs premium cultural merchandise, city gifts, and limited-edition products for institutions with strong visitor, community, or brand stories.

One idea that may fit your audience is a heritage gift collection. We can develop a small custom capsule around a collection, landmark, event, or seasonal campaign and keep the concept retail-ready for gift shops or partner programs.

Would it be worth a brief introductory call to see whether this could fit an upcoming retail, event, or gifting priority?

Best,
Auctus Lab"
Mount Vernon,Tourism & Attractions,Historic estate,Mount Vernon,VA,US,https://www.mountvernon.org,https://shops.mountvernon.org/,https://shops.mountvernon.org/,https://shops.mountvernon.org/,,,https://www.mountvernon.org,,,,Attraction retail team,,,,,,,,,,https://shops.mountvernon.org/,official_store,official Mount Vernon shops,heritage gift collection,86,87,manual_review,"Hi Mount Vernon team,

I noticed official Mount Vernon shops. Auctus Lab designs premium cultural merchandise, city gifts, and limited-edition products for institutions with strong visitor, community, or brand stories.

One idea that may fit your audience is a heritage gift collection. We can develop a small custom capsule around a collection, landmark, event, or seasonal campaign and keep the concept retail-ready for gift shops or partner programs.

Would it be worth a brief introductory call to see whether this could fit an upcoming retail, event, or gifting priority?

Best,
Auctus Lab"
Alcatraz City Cruises,Tourism & Attractions,Historic attraction,San Francisco,CA,US,https://www.cityexperiences.com/san-francisco/city-cruises/alcatraz/,,,,,,https://www.cityexperiences.com/san-francisco/city-cruises/alcatraz/,,,,,,,,,,,,,,https://www.cityexperiences.com/san-francisco/city-cruises/alcatraz/,official_website,official Alcatraz tour operator visitor channel,city landmark collection,76,78,manual_review,"Hi Alcatraz City Cruises team,

I noticed official Alcatraz tour operator visitor channel. Auctus Lab designs premium cultural merchandise, city gifts, and limited-edition products for institutions with strong visitor, community, or brand stories.

One idea that may fit your audience is a city landmark collection. We can develop a small custom capsule around a collection, landmark, event, or seasonal campaign and keep the concept retail-ready for gift shops or partner programs.

Would it be worth a brief introductory call to see whether this could fit an upcoming retail, event, or gifting priority?

Best,
Auctus Lab"
Niagara Falls State Park,Tourism & Attractions,State park attraction,Niagara Falls,NY,US,https://www.niagarafallsstatepark.com,https://shop.niagarafallsstatepark.com/,https://shop.niagarafallsstatepark.com/,https://shop.niagarafallsstatepark.com/,,,https://www.niagarafallsstatepark.com,,,,Attraction retail team,,,,,,,,,,https://shop.niagarafallsstatepark.com/,official_store,official state park shop for major tourism market,city landmark collection,86,87,manual_review,"Hi Niagara Falls State Park team,

I noticed official state park shop for major tourism market. Auctus Lab designs premium cultural merchandise, city gifts, and limited-edition products for institutions with strong visitor, community, or brand stories.

One idea that may fit your audience is a city landmark collection. We can develop a small custom capsule around a collection, landmark, event, or seasonal campaign and keep the concept retail-ready for gift shops or partner programs.

Would it be worth a brief introductory call to see whether this could fit an upcoming retail, event, or gifting priority?

Best,
Auctus Lab"
Independence Visitor Center,Tourism & Attractions,Visitor center,Philadelphia,PA,US,https://www.phlvisitorcenter.com,https://www.phlvisitorcenter.com/shop,https://www.phlvisitorcenter.com/shop,https://www.phlvisitorcenter.com/shop,,,https://www.phlvisitorcenter.com,,,,Attraction retail team,,,,,,,,,,https://www.phlvisitorcenter.com/shop,official_store,official visitor center shop,city landmark collection,86,87,manual_review,"Hi Independence Visitor Center team,

I noticed official visitor center shop. Auctus Lab designs premium cultural merchandise, city gifts, and limited-edition products for institutions with strong visitor, community, or brand stories.

One idea that may fit your audience is a city landmark collection. We can develop a small custom capsule around a collection, landmark, event, or seasonal campaign and keep the concept retail-ready for gift shops or partner programs.

Would it be worth a brief introductory call to see whether this could fit an upcoming retail, event, or gifting priority?

Best,
Auctus Lab"
Visit Seattle,Tourism & Attractions,Tourism board,Seattle,WA,US,https://visitseattle.org,,,,,,https://visitseattle.org,,,,,,,,,,,,,,https://visitseattle.org,official_website,destination marketing organization with city gift potential,city landmark collection,76,78,manual_review,"Hi Visit Seattle team,

I noticed destination marketing organization with city gift potential. Auctus Lab designs premium cultural merchandise, city gifts, and limited-edition products for institutions with strong visitor, community, or brand stories.

One idea that may fit your audience is a city landmark collection. We can develop a small custom capsule around a collection, landmark, event, or seasonal campaign and keep the concept retail-ready for gift shops or partner programs.

Would it be worth a brief introductory call to see whether this could fit an upcoming retail, event, or gifting priority?

Best,
Auctus Lab"
NYC Tourism + Conventions,Tourism & Attractions,Tourism board,New York,NY,US,https://www.nyctourism.com,,,,,,https://www.nyctourism.com,,,,,,,,,,,,,,https://www.nyctourism.com,official_website,destination marketing organization for major tourism market,city landmark collection,76,78,manual_review,"Hi NYC Tourism + Conventions team,

I noticed destination marketing organization for major tourism market. Auctus Lab designs premium cultural merchandise, city gifts, and limited-edition products for institutions with strong visitor, community, or brand stories.

One idea that may fit your audience is a city landmark collection. We can develop a small custom capsule around a collection, landmark, event, or seasonal campaign and keep the concept retail-ready for gift shops or partner programs.

Would it be worth a brief introductory call to see whether this could fit an upcoming retail, event, or gifting priority?

Best,
Auctus Lab"
Choose Chicago,Tourism & Attractions,Tourism board,Chicago,IL,US,https://www.choosechicago.com,,,,,,https://www.choosechicago.com,,,,,,,,,,,,,,https://www.choosechicago.com,official_website,tourism board with event and destination gift potential,city landmark collection,76,78,manual_review,"Hi Choose Chicago team,

I noticed tourism board with event and destination gift potential. Auctus Lab designs premium cultural merchandise, city gifts, and limited-edition products for institutions with strong visitor, community, or brand stories.

One idea that may fit your audience is a city landmark collection. We can develop a small custom capsule around a collection, landmark, event, or seasonal campaign and keep the concept retail-ready for gift shops or partner programs.

Would it be worth a brief introductory call to see whether this could fit an upcoming retail, event, or gifting priority?

Best,
Auctus Lab"
Visit California,Tourism & Attractions,Tourism board,Sacramento,CA,US,https://www.visitcalifornia.com,,,,,,https://www.visitcalifornia.com,,,,,,,,,,,,,,https://www.visitcalifornia.com,official_website,state tourism organization with broad merchandise potential,city landmark collection,76,78,manual_review,"Hi Visit California team,

I noticed state tourism organization with broad merchandise potential. Auctus Lab designs premium cultural merchandise, city gifts, and limited-edition products for institutions with strong visitor, community, or brand stories.

One idea that may fit your audience is a city landmark collection. We can develop a small custom capsule around a collection, landmark, event, or seasonal campaign and keep the concept retail-ready for gift shops or partner programs.

Would it be worth a brief introductory call to see whether this could fit an upcoming retail, event, or gifting priority?

Best,
Auctus Lab"
Harvard Coop,Universities & Schools,Campus store,Cambridge,MA,US,https://www.thecoop.com,https://www.thecoop.com,https://www.thecoop.com,https://www.thecoop.com,,,,,,,Campus store / museum store retail team,,,,,,,,,,https://www.thecoop.com,official_store,major university retail store with alumni and campus gift potential,university alumni gift,84,86,manual_review,"Hi Harvard Coop team,

I noticed major university retail store with alumni and campus gift potential. Auctus Lab designs premium cultural merchandise, city gifts, and limited-edition products for institutions with strong visitor, community, or brand stories.

One idea that may fit your audience is a university alumni gift. We can develop a small custom capsule around a collection, landmark, event, or seasonal campaign and keep the concept retail-ready for gift shops or partner programs.

Would it be worth a brief introductory call to see whether this could fit an upcoming retail, event, or gifting priority?

Best,
Auctus Lab"
Stanford Bookstore,Universities & Schools,Campus store,Stanford,CA,US,https://www.bkstr.com/stanfordstore,https://www.bkstr.com/stanfordstore,https://www.bkstr.com/stanfordstore,https://www.bkstr.com/stanfordstore,,,,,,,Campus store / museum store retail team,,,,,,,,,,https://www.bkstr.com/stanfordstore,official_store,official Stanford campus store channel,university alumni gift,84,86,manual_review,"Hi Stanford Bookstore team,

I noticed official Stanford campus store channel. Auctus Lab designs premium cultural merchandise, city gifts, and limited-edition products for institutions with strong visitor, community, or brand stories.

One idea that may fit your audience is a university alumni gift. We can develop a small custom capsule around a collection, landmark, event, or seasonal campaign and keep the concept retail-ready for gift shops or partner programs.

Would it be worth a brief introductory call to see whether this could fit an upcoming retail, event, or gifting priority?

Best,
Auctus Lab"
Princeton University Store,Universities & Schools,Campus store,Princeton,NJ,US,https://www.pustore.com,https://www.pustore.com,https://www.pustore.com,https://www.pustore.com,,,,,,,Campus store / museum store retail team,,,,,,,,,,https://www.pustore.com,official_store,independent university store with alumni gift potential,university alumni gift,84,86,manual_review,"Hi Princeton University Store team,

I noticed independent university store with alumni gift potential. Auctus Lab designs premium cultural merchandise, city gifts, and limited-edition products for institutions with strong visitor, community, or brand stories.

One idea that may fit your audience is a university alumni gift. We can develop a small custom capsule around a collection, landmark, event, or seasonal campaign and keep the concept retail-ready for gift shops or partner programs.

Would it be worth a brief introductory call to see whether this could fit an upcoming retail, event, or gifting priority?

Best,
Auctus Lab"
UCLA Store,Universities & Schools,Campus store,Los Angeles,CA,US,https://shop.uclastore.com,https://shop.uclastore.com,https://shop.uclastore.com,https://shop.uclastore.com,,,,,,,Campus store / museum store retail team,,,,,,,,,,https://shop.uclastore.com,official_store,official UCLA Store with online merchandise,university alumni gift,84,86,manual_review,"Hi UCLA Store team,

I noticed official UCLA Store with online merchandise. Auctus Lab designs premium cultural merchandise, city gifts, and limited-edition products for institutions with strong visitor, community, or brand stories.

One idea that may fit your audience is a university alumni gift. We can develop a small custom capsule around a collection, landmark, event, or seasonal campaign and keep the concept retail-ready for gift shops or partner programs.

Would it be worth a brief introductory call to see whether this could fit an upcoming retail, event, or gifting priority?

Best,
Auctus Lab"
University Book Store - University of Washington,Universities & Schools,Campus store,Seattle,WA,US,https://www.ubookstore.com,https://www.ubookstore.com,https://www.ubookstore.com,https://www.ubookstore.com,,,,,,,Campus store / museum store retail team,,,,,,,,,,https://www.ubookstore.com,official_store,university bookstore with broad gift assortment,university alumni gift,84,86,manual_review,"Hi University Book Store - University of Washington team,

I noticed university bookstore with broad gift assortment. Auctus Lab designs premium cultural merchandise, city gifts, and limited-edition products for institutions with strong visitor, community, or brand stories.

One idea that may fit your audience is a university alumni gift. We can develop a small custom capsule around a collection, landmark, event, or seasonal campaign and keep the concept retail-ready for gift shops or partner programs.

Would it be worth a brief introductory call to see whether this could fit an upcoming retail, event, or gifting priority?

Best,
Auctus Lab"
Yale University Art Gallery,Universities & Schools,University museum,New Haven,CT,US,https://artgallery.yale.edu,https://museumstore.yale.edu/,https://museumstore.yale.edu/,https://museumstore.yale.edu/,,,,,,,Campus store / museum store retail team,,,,,,,,,,https://museumstore.yale.edu/,official_store,university art museum with museum store,museum gift capsule,84,86,manual_review,"Hi Yale University Art Gallery team,

I noticed university art museum with museum store. Auctus Lab designs premium cultural merchandise, city gifts, and limited-edition products for institutions with strong visitor, community, or brand stories.

One idea that may fit your audience is a museum gift capsule. We can develop a small custom capsule around a collection, landmark, event, or seasonal campaign and keep the concept retail-ready for gift shops or partner programs.

Would it be worth a brief introductory call to see whether this could fit an upcoming retail, event, or gifting priority?

Best,
Auctus Lab"
Harvard Art Museums,Universities & Schools,University museum,Cambridge,MA,US,https://harvardartmuseums.org,https://shop.harvardartmuseums.org/,https://shop.harvardartmuseums.org/,https://shop.harvardartmuseums.org/,,,,,,,Campus store / museum store retail team,,,,,,,,,,https://shop.harvardartmuseums.org/,official_store,university art museum with online shop,museum gift capsule,84,86,manual_review,"Hi Harvard Art Museums team,

I noticed university art museum with online shop. Auctus Lab designs premium cultural merchandise, city gifts, and limited-edition products for institutions with strong visitor, community, or brand stories.

One idea that may fit your audience is a museum gift capsule. We can develop a small custom capsule around a collection, landmark, event, or seasonal campaign and keep the concept retail-ready for gift shops or partner programs.

Would it be worth a brief introductory call to see whether this could fit an upcoming retail, event, or gifting priority?

Best,
Auctus Lab"
Berkeley Art Museum and Pacific Film Archive,Universities & Schools,University museum,Berkeley,CA,US,https://bampfa.org,https://shop.bampfa.org/,https://shop.bampfa.org/,https://shop.bampfa.org/,,,,,,,Campus store / museum store retail team,,,,,,,,,,https://shop.bampfa.org/,official_store,university museum with store and cultural programming,museum gift capsule,84,86,manual_review,"Hi Berkeley Art Museum and Pacific Film Archive team,

I noticed university museum with store and cultural programming. Auctus Lab designs premium cultural merchandise, city gifts, and limited-edition products for institutions with strong visitor, community, or brand stories.

One idea that may fit your audience is a museum gift capsule. We can develop a small custom capsule around a collection, landmark, event, or seasonal campaign and keep the concept retail-ready for gift shops or partner programs.

Would it be worth a brief introductory call to see whether this could fit an upcoming retail, event, or gifting priority?

Best,
Auctus Lab"
University of Michigan Museum of Art,Universities & Schools,University museum,Ann Arbor,MI,US,https://umma.umich.edu,https://umma.umich.edu/shop,https://umma.umich.edu/shop,https://umma.umich.edu/shop,,,,,,,Campus store / museum store retail team,,,,,,,,,,https://umma.umich.edu/shop,official_store,university museum shop and education audience,museum gift capsule,84,86,manual_review,"Hi University of Michigan Museum of Art team,

I noticed university museum shop and education audience. Auctus Lab designs premium cultural merchandise, city gifts, and limited-edition products for institutions with strong visitor, community, or brand stories.

One idea that may fit your audience is a museum gift capsule. We can develop a small custom capsule around a collection, landmark, event, or seasonal campaign and keep the concept retail-ready for gift shops or partner programs.

Would it be worth a brief introductory call to see whether this could fit an upcoming retail, event, or gifting priority?

Best,
Auctus Lab"
Princeton University Art Museum,Universities & Schools,University museum,Princeton,NJ,US,https://artmuseum.princeton.edu,https://artmuseum.princeton.edu/visit/shop,https://artmuseum.princeton.edu/visit/shop,https://artmuseum.princeton.edu/visit/shop,,,,,,,Campus store / museum store retail team,,,,,,,,,,https://artmuseum.princeton.edu/visit/shop,official_store,university art museum shop,museum gift capsule,84,86,manual_review,"Hi Princeton University Art Museum team,

I noticed university art museum shop. Auctus Lab designs premium cultural merchandise, city gifts, and limited-edition products for institutions with strong visitor, community, or brand stories.

One idea that may fit your audience is a museum gift capsule. We can develop a small custom capsule around a collection, landmark, event, or seasonal campaign and keep the concept retail-ready for gift shops or partner programs.

Would it be worth a brief introductory call to see whether this could fit an upcoming retail, event, or gifting priority?

Best,
Auctus Lab"
MIT Museum,Universities & Schools,University museum,Cambridge,MA,US,https://mitmuseum.mit.edu,https://mitmuseum.mit.edu/visit/museum-store,https://mitmuseum.mit.edu/visit/museum-store,https://mitmuseum.mit.edu/visit/museum-store,,,,,,,Campus store / museum store retail team,,,,,,,,,,https://mitmuseum.mit.edu/visit/museum-store,official_store,science/technology university museum with store,children's educational gift,84,86,manual_review,"Hi MIT Museum team,

I noticed science/technology university museum with store. Auctus Lab designs premium cultural merchandise, city gifts, and limited-edition products for institutions with strong visitor, community, or brand stories.

One idea that may fit your audience is a children's educational gift. We can develop a small custom capsule around a collection, landmark, event, or seasonal campaign and keep the concept retail-ready for gift shops or partner programs.

Would it be worth a brief introductory call to see whether this could fit an upcoming retail, event, or gifting priority?

Best,
Auctus Lab"
Cal Student Store,Universities & Schools,Campus store,Berkeley,CA,US,https://calstudentstore.berkeley.edu,https://calstudentstore.berkeley.edu,https://calstudentstore.berkeley.edu,https://calstudentstore.berkeley.edu,,,,,,,Campus store / museum store retail team,,,,,,,,,,https://calstudentstore.berkeley.edu,official_store,official UC Berkeley campus retail store,university alumni gift,84,86,manual_review,"Hi Cal Student Store team,

I noticed official UC Berkeley campus retail store. Auctus Lab designs premium cultural merchandise, city gifts, and limited-edition products for institutions with strong visitor, community, or brand stories.

One idea that may fit your audience is a university alumni gift. We can develop a small custom capsule around a collection, landmark, event, or seasonal campaign and keep the concept retail-ready for gift shops or partner programs.

Would it be worth a brief introductory call to see whether this could fit an upcoming retail, event, or gifting priority?

Best,
Auctus Lab"
NYU Bookstore,Universities & Schools,Campus store,New York,NY,US,https://www.bkstr.com/nyustore,https://www.bkstr.com/nyustore,https://www.bkstr.com/nyustore,https://www.bkstr.com/nyustore,,,,,,,Campus store / museum store retail team,,,,,,,,,,https://www.bkstr.com/nyustore,official_store,official NYU bookstore channel,university alumni gift,84,86,manual_review,"Hi NYU Bookstore team,

I noticed official NYU bookstore channel. Auctus Lab designs premium cultural merchandise, city gifts, and limited-edition products for institutions with strong visitor, community, or brand stories.

One idea that may fit your audience is a university alumni gift. We can develop a small custom capsule around a collection, landmark, event, or seasonal campaign and keep the concept retail-ready for gift shops or partner programs.

Would it be worth a brief introductory call to see whether this could fit an upcoming retail, event, or gifting priority?

Best,
Auctus Lab"
The Cornell Store,Universities & Schools,Campus store,Ithaca,NY,US,https://www.cornellstore.com,https://www.cornellstore.com,https://www.cornellstore.com,https://www.cornellstore.com,,,,,,,Campus store / museum store retail team,,,,,,,,,,https://www.cornellstore.com,official_store,official Cornell Store with online retail,university alumni gift,84,86,manual_review,"Hi The Cornell Store team,

I noticed official Cornell Store with online retail. Auctus Lab designs premium cultural merchandise, city gifts, and limited-edition products for institutions with strong visitor, community, or brand stories.

One idea that may fit your audience is a university alumni gift. We can develop a small custom capsule around a collection, landmark, event, or seasonal campaign and keep the concept retail-ready for gift shops or partner programs.

Would it be worth a brief introductory call to see whether this could fit an upcoming retail, event, or gifting priority?

Best,
Auctus Lab"
Notre Dame Hammes Bookstore,Universities & Schools,Campus store,Notre Dame,IN,US,https://www.bkstr.com/notredamestore,https://www.bkstr.com/notredamestore,https://www.bkstr.com/notredamestore,https://www.bkstr.com/notredamestore,,,,,,,Campus store / museum store retail team,,,,,,,,,,https://www.bkstr.com/notredamestore,official_store,official Notre Dame bookstore channel,university alumni gift,84,86,manual_review,"Hi Notre Dame Hammes Bookstore team,

I noticed official Notre Dame bookstore channel. Auctus Lab designs premium cultural merchandise, city gifts, and limited-edition products for institutions with strong visitor, community, or brand stories.

One idea that may fit your audience is a university alumni gift. We can develop a small custom capsule around a collection, landmark, event, or seasonal campaign and keep the concept retail-ready for gift shops or partner programs.

Would it be worth a brief introductory call to see whether this could fit an upcoming retail, event, or gifting priority?

Best,
Auctus Lab"
Asia Society,Nonprofit Organizations,Asian culture nonprofit,New York,NY,US,https://asiasociety.org,https://asiasociety.org/store,https://asiasociety.org/store,https://asiasociety.org/store,,,https://asiasociety.org,,,,Store / programs team,,,,,,,,,,https://asiasociety.org/store,official_store,"Asian culture nonprofit with events, education, and store potential",panda / Chinese culture collection,82,84,manual_review,"Hi Asia Society team,

I noticed Asian culture nonprofit with events, education, and store potential. Auctus Lab designs premium cultural merchandise, city gifts, and limited-edition products for institutions with strong visitor, community, or brand stories.

One idea that may fit your audience is a panda / Chinese culture collection. We can develop a small custom capsule around a collection, landmark, event, or seasonal campaign and keep the concept retail-ready for gift shops or partner programs.

Would it be worth a brief introductory call to see whether this could fit an upcoming retail, event, or gifting priority?

Best,
Auctus Lab"
Chinese Historical Society of America,Nonprofit Organizations,Chinese American cultural nonprofit,San Francisco,CA,US,https://chsa.org,https://chsa.org/shop/,https://chsa.org/shop/,https://chsa.org/shop/,,,https://chsa.org,,,,Store / programs team,,,,,,,,,,https://chsa.org/shop/,official_store,Chinese American museum/nonprofit with online shop,panda / Chinese culture collection,82,84,manual_review,"Hi Chinese Historical Society of America team,

I noticed Chinese American museum/nonprofit with online shop. Auctus Lab designs premium cultural merchandise, city gifts, and limited-edition products for institutions with strong visitor, community, or brand stories.

One idea that may fit your audience is a panda / Chinese culture collection. We can develop a small custom capsule around a collection, landmark, event, or seasonal campaign and keep the concept retail-ready for gift shops or partner programs.

Would it be worth a brief introductory call to see whether this could fit an upcoming retail, event, or gifting priority?

Best,
Auctus Lab"
Museum of Chinese in America,Nonprofit Organizations,Chinese American cultural institution,New York,NY,US,https://www.mocanyc.org,https://www.mocanyc.org/shop,https://www.mocanyc.org/shop,https://www.mocanyc.org/shop,,,https://www.mocanyc.org,,,,Store / programs team,,,,,,,,,,https://www.mocanyc.org/shop,official_store,Chinese American cultural institution with shop potential,panda / Chinese culture collection,82,84,manual_review,"Hi Museum of Chinese in America team,

I noticed Chinese American cultural institution with shop potential. Auctus Lab designs premium cultural merchandise, city gifts, and limited-edition products for institutions with strong visitor, community, or brand stories.

One idea that may fit your audience is a panda / Chinese culture collection. We can develop a small custom capsule around a collection, landmark, event, or seasonal campaign and keep the concept retail-ready for gift shops or partner programs.

Would it be worth a brief introductory call to see whether this could fit an upcoming retail, event, or gifting priority?

Best,
Auctus Lab"
Japanese American National Museum,Nonprofit Organizations,Asian American cultural institution,Los Angeles,CA,US,https://www.janm.org,https://janmstore.com/,https://janmstore.com/,https://janmstore.com/,,,https://www.janm.org,,,,Store / programs team,,,,,,,,,,https://janmstore.com/,official_store,Asian American museum with official store,museum gift capsule,82,84,manual_review,"Hi Japanese American National Museum team,

I noticed Asian American museum with official store. Auctus Lab designs premium cultural merchandise, city gifts, and limited-edition products for institutions with strong visitor, community, or brand stories.

One idea that may fit your audience is a museum gift capsule. We can develop a small custom capsule around a collection, landmark, event, or seasonal campaign and keep the concept retail-ready for gift shops or partner programs.

Would it be worth a brief introductory call to see whether this could fit an upcoming retail, event, or gifting priority?

Best,
Auctus Lab"
Chinese Culture Center of San Francisco,Nonprofit Organizations,Chinese culture nonprofit,San Francisco,CA,US,https://www.cccsf.us,,,,,,https://www.cccsf.us,,,,,,,,,,,,,,https://www.cccsf.us,official_website,Chinese culture nonprofit with events and partnership potential,panda / Chinese culture collection,72,74,manual_review,"Hi Chinese Culture Center of San Francisco team,

I noticed Chinese culture nonprofit with events and partnership potential. Auctus Lab designs premium cultural merchandise, city gifts, and limited-edition products for institutions with strong visitor, community, or brand stories.

One idea that may fit your audience is a panda / Chinese culture collection. We can develop a small custom capsule around a collection, landmark, event, or seasonal campaign and keep the concept retail-ready for gift shops or partner programs.

Would it be worth a brief introductory call to see whether this could fit an upcoming retail, event, or gifting priority?

Best,
Auctus Lab"
Asian American Arts Alliance,Nonprofit Organizations,Arts nonprofit,New York,NY,US,https://www.aaartsalliance.org,,,,,,https://www.aaartsalliance.org,,,,,,,,,,,,,,https://www.aaartsalliance.org,official_website,Asian American arts nonprofit with community network,festival gift box,72,74,manual_review,"Hi Asian American Arts Alliance team,

I noticed Asian American arts nonprofit with community network. Auctus Lab designs premium cultural merchandise, city gifts, and limited-edition products for institutions with strong visitor, community, or brand stories.

One idea that may fit your audience is a festival gift box. We can develop a small custom capsule around a collection, landmark, event, or seasonal campaign and keep the concept retail-ready for gift shops or partner programs.

Would it be worth a brief introductory call to see whether this could fit an upcoming retail, event, or gifting priority?

Best,
Auctus Lab"
Gold House,Nonprofit Organizations,Asian Pacific nonprofit network,Los Angeles,CA,US,https://goldhouse.org,,,,,,https://goldhouse.org,,,,,,,,,,,,,,https://goldhouse.org,official_website,Asian Pacific community and creator network,influencer limited-edition merchandise,72,74,manual_review,"Hi Gold House team,

I noticed Asian Pacific community and creator network. Auctus Lab designs premium cultural merchandise, city gifts, and limited-edition products for institutions with strong visitor, community, or brand stories.

One idea that may fit your audience is a influencer limited-edition merchandise. We can develop a small custom capsule around a collection, landmark, event, or seasonal campaign and keep the concept retail-ready for gift shops or partner programs.

Would it be worth a brief introductory call to see whether this could fit an upcoming retail, event, or gifting priority?

Best,
Auctus Lab"
Committee of 100,Nonprofit Organizations,Chinese American association,New York,NY,US,https://www.committee100.org,,,,,,https://www.committee100.org,,,,,,,,,,,,,,https://www.committee100.org,official_website,Chinese American leadership nonprofit with events,corporate cultural gift,72,74,manual_review,"Hi Committee of 100 team,

I noticed Chinese American leadership nonprofit with events. Auctus Lab designs premium cultural merchandise, city gifts, and limited-edition products for institutions with strong visitor, community, or brand stories.

One idea that may fit your audience is a corporate cultural gift. We can develop a small custom capsule around a collection, landmark, event, or seasonal campaign and keep the concept retail-ready for gift shops or partner programs.

Would it be worth a brief introductory call to see whether this could fit an upcoming retail, event, or gifting priority?

Best,
Auctus Lab"
National Museum of Mexican Art,Nonprofit Organizations,Cultural nonprofit museum,Chicago,IL,US,https://nationalmuseumofmexicanart.org,https://shop.nationalmuseumofmexicanart.org/,https://shop.nationalmuseumofmexicanart.org/,https://shop.nationalmuseumofmexicanart.org/,,,https://nationalmuseumofmexicanart.org,,,,Store / programs team,,,,,,,,,,https://shop.nationalmuseumofmexicanart.org/,official_store,cultural museum with shop and strong community audience,museum gift capsule,82,84,manual_review,"Hi National Museum of Mexican Art team,

I noticed cultural museum with shop and strong community audience. Auctus Lab designs premium cultural merchandise, city gifts, and limited-edition products for institutions with strong visitor, community, or brand stories.

One idea that may fit your audience is a museum gift capsule. We can develop a small custom capsule around a collection, landmark, event, or seasonal campaign and keep the concept retail-ready for gift shops or partner programs.

Would it be worth a brief introductory call to see whether this could fit an upcoming retail, event, or gifting priority?

Best,
Auctus Lab"
The Wing Luke Museum,Nonprofit Organizations,Asian Pacific American museum,Seattle,WA,US,https://www.wingluke.org,https://shop.wingluke.org/,https://shop.wingluke.org/,https://shop.wingluke.org/,,,https://www.wingluke.org,,,,Store / programs team,,,,,,,,,,https://shop.wingluke.org/,official_store,Asian Pacific American museum with shop,panda / Chinese culture collection,82,84,manual_review,"Hi The Wing Luke Museum team,

I noticed Asian Pacific American museum with shop. Auctus Lab designs premium cultural merchandise, city gifts, and limited-edition products for institutions with strong visitor, community, or brand stories.

One idea that may fit your audience is a panda / Chinese culture collection. We can develop a small custom capsule around a collection, landmark, event, or seasonal campaign and keep the concept retail-ready for gift shops or partner programs.

Would it be worth a brief introductory call to see whether this could fit an upcoming retail, event, or gifting priority?

Best,
Auctus Lab"
Korean Cultural Center New York,Nonprofit Organizations,Cultural center,New York,NY,US,https://www.koreanculture.org,,,,,,https://www.koreanculture.org,,,,,,,,,,,,,,https://www.koreanculture.org,official_website,cultural center with public programs and events,festival gift box,72,74,manual_review,"Hi Korean Cultural Center New York team,

I noticed cultural center with public programs and events. Auctus Lab designs premium cultural merchandise, city gifts, and limited-edition products for institutions with strong visitor, community, or brand stories.

One idea that may fit your audience is a festival gift box. We can develop a small custom capsule around a collection, landmark, event, or seasonal campaign and keep the concept retail-ready for gift shops or partner programs.

Would it be worth a brief introductory call to see whether this could fit an upcoming retail, event, or gifting priority?

Best,
Auctus Lab"
Japan Society,Nonprofit Organizations,Cultural nonprofit,New York,NY,US,https://japansociety.org,https://shop.japansociety.org/,https://shop.japansociety.org/,https://shop.japansociety.org/,,,https://japansociety.org,,,,Store / programs team,,,,,,,,,,https://shop.japansociety.org/,official_store,cultural nonprofit with official shop and event audience,museum gift capsule,82,84,manual_review,"Hi Japan Society team,

I noticed cultural nonprofit with official shop and event audience. Auctus Lab designs premium cultural merchandise, city gifts, and limited-edition products for institutions with strong visitor, community, or brand stories.

One idea that may fit your audience is a museum gift capsule. We can develop a small custom capsule around a collection, landmark, event, or seasonal campaign and keep the concept retail-ready for gift shops or partner programs.

Would it be worth a brief introductory call to see whether this could fit an upcoming retail, event, or gifting priority?

Best,
Auctus Lab"
Queens Botanical Garden,Nonprofit Organizations,Community nonprofit garden,Queens,NY,US,https://queensbotanical.org,https://queensbotanical.org/garden-gift-shop/,https://queensbotanical.org/garden-gift-shop/,https://queensbotanical.org/garden-gift-shop/,,,https://queensbotanical.org,,,,Store / programs team,,,,,,,,,,https://queensbotanical.org/garden-gift-shop/,official_store,public garden/community nonprofit with gift shop,festival gift box,82,84,manual_review,"Hi Queens Botanical Garden team,

I noticed public garden/community nonprofit with gift shop. Auctus Lab designs premium cultural merchandise, city gifts, and limited-edition products for institutions with strong visitor, community, or brand stories.

One idea that may fit your audience is a festival gift box. We can develop a small custom capsule around a collection, landmark, event, or seasonal campaign and keep the concept retail-ready for gift shops or partner programs.

Would it be worth a brief introductory call to see whether this could fit an upcoming retail, event, or gifting priority?

Best,
Auctus Lab"
826 National,Nonprofit Organizations,Education nonprofit,San Francisco,CA,US,https://826national.org,,,,,,https://826national.org,,,,,,,,,,,,,,https://826national.org,official_website,education nonprofit with youth audience,children's educational gift,72,74,manual_review,"Hi 826 National team,

I noticed education nonprofit with youth audience. Auctus Lab designs premium cultural merchandise, city gifts, and limited-edition products for institutions with strong visitor, community, or brand stories.

One idea that may fit your audience is a children's educational gift. We can develop a small custom capsule around a collection, landmark, event, or seasonal campaign and keep the concept retail-ready for gift shops or partner programs.

Would it be worth a brief introductory call to see whether this could fit an upcoming retail, event, or gifting priority?

Best,
Auctus Lab"
National Book Foundation,Nonprofit Organizations,Literary nonprofit,New York,NY,US,https://www.nationalbook.org,,,,,,https://www.nationalbook.org,,,,,,,,,,,,,,https://www.nationalbook.org,official_website,literary nonprofit with events and book fair audience,festival gift box,72,74,manual_review,"Hi National Book Foundation team,

I noticed literary nonprofit with events and book fair audience. Auctus Lab designs premium cultural merchandise, city gifts, and limited-edition products for institutions with strong visitor, community, or brand stories.

One idea that may fit your audience is a festival gift box. We can develop a small custom capsule around a collection, landmark, event, or seasonal campaign and keep the concept retail-ready for gift shops or partner programs.

Would it be worth a brief introductory call to see whether this could fit an upcoming retail, event, or gifting priority?

Best,
Auctus Lab"
Marriott International,Corporate & Institutional Gifts,Hospitality group,Bethesda,MD,US,https://www.marriott.com,,,,,,https://www.marriott.com,,,,,,,,,,,,,,https://www.marriott.com,official_website,"large hospitality brand with client, event, and employee gifting potential",corporate cultural gift,72,70,missing_contact,"Hi Marriott International team,

I noticed large hospitality brand with client, event, and employee gifting potential. Auctus Lab designs premium cultural merchandise, city gifts, and limited-edition products for institutions with strong visitor, community, or brand stories.

One idea that may fit your audience is a corporate cultural gift. We can develop a small custom capsule around a collection, landmark, event, or seasonal campaign and keep the concept retail-ready for gift shops or partner programs.

Would it be worth a brief introductory call to see whether this could fit an upcoming retail, event, or gifting priority?

Best,
Auctus Lab"
Hyatt Hotels Corporation,Corporate & Institutional Gifts,Hospitality group,Chicago,IL,US,https://www.hyatt.com,,,,,,https://www.hyatt.com,,,,,,,,,,,,,,https://www.hyatt.com,official_website,hospitality group with premium guest and event gift potential,corporate cultural gift,72,70,missing_contact,"Hi Hyatt Hotels Corporation team,

I noticed hospitality group with premium guest and event gift potential. Auctus Lab designs premium cultural merchandise, city gifts, and limited-edition products for institutions with strong visitor, community, or brand stories.

One idea that may fit your audience is a corporate cultural gift. We can develop a small custom capsule around a collection, landmark, event, or seasonal campaign and keep the concept retail-ready for gift shops or partner programs.

Would it be worth a brief introductory call to see whether this could fit an upcoming retail, event, or gifting priority?

Best,
Auctus Lab"
Hilton,Corporate & Institutional Gifts,Hospitality group,McLean,VA,US,https://www.hilton.com,,,,,,https://www.hilton.com,,,,,,,,,,,,,,https://www.hilton.com,official_website,global hospitality group with corporate and event gift potential,corporate cultural gift,72,70,missing_contact,"Hi Hilton team,

I noticed global hospitality group with corporate and event gift potential. Auctus Lab designs premium cultural merchandise, city gifts, and limited-edition products for institutions with strong visitor, community, or brand stories.

One idea that may fit your audience is a corporate cultural gift. We can develop a small custom capsule around a collection, landmark, event, or seasonal campaign and keep the concept retail-ready for gift shops or partner programs.

Would it be worth a brief introductory call to see whether this could fit an upcoming retail, event, or gifting priority?

Best,
Auctus Lab"
Salesforce,Corporate & Institutional Gifts,Technology company,San Francisco,CA,US,https://www.salesforce.com,,,,,,https://www.salesforce.com,,,,,,,,,,,,,,https://www.salesforce.com,official_website,"large tech company with events, employees, and branded gift needs",corporate cultural gift,72,70,missing_contact,"Hi Salesforce team,

I noticed large tech company with events, employees, and branded gift needs. Auctus Lab designs premium cultural merchandise, city gifts, and limited-edition products for institutions with strong visitor, community, or brand stories.

One idea that may fit your audience is a corporate cultural gift. We can develop a small custom capsule around a collection, landmark, event, or seasonal campaign and keep the concept retail-ready for gift shops or partner programs.

Would it be worth a brief introductory call to see whether this could fit an upcoming retail, event, or gifting priority?

Best,
Auctus Lab"
Google,Corporate & Institutional Gifts,Technology company,Mountain View,CA,US,https://about.google,,,,,,https://about.google,,,,,,,,,,,,,,https://about.google,official_website,large tech company with employee and event gifting potential,corporate cultural gift,72,70,missing_contact,"Hi Google team,

I noticed large tech company with employee and event gifting potential. Auctus Lab designs premium cultural merchandise, city gifts, and limited-edition products for institutions with strong visitor, community, or brand stories.

One idea that may fit your audience is a corporate cultural gift. We can develop a small custom capsule around a collection, landmark, event, or seasonal campaign and keep the concept retail-ready for gift shops or partner programs.

Would it be worth a brief introductory call to see whether this could fit an upcoming retail, event, or gifting priority?

Best,
Auctus Lab"
Microsoft,Corporate & Institutional Gifts,Technology company,Redmond,WA,US,https://www.microsoft.com,,,,,,https://www.microsoft.com,,,,,,,,,,,,,,https://www.microsoft.com,official_website,large tech company with event and employee experience teams,corporate cultural gift,72,70,missing_contact,"Hi Microsoft team,

I noticed large tech company with event and employee experience teams. Auctus Lab designs premium cultural merchandise, city gifts, and limited-edition products for institutions with strong visitor, community, or brand stories.

One idea that may fit your audience is a corporate cultural gift. We can develop a small custom capsule around a collection, landmark, event, or seasonal campaign and keep the concept retail-ready for gift shops or partner programs.

Would it be worth a brief introductory call to see whether this could fit an upcoming retail, event, or gifting priority?

Best,
Auctus Lab"
Apple,Corporate & Institutional Gifts,Technology company,Cupertino,CA,US,https://www.apple.com,,,,,,https://www.apple.com,,,,,,,,,,,,,,https://www.apple.com,official_website,design-led company with premium gifting and retail sensibility,limited-edition design merchandise,72,70,missing_contact,"Hi Apple team,

I noticed design-led company with premium gifting and retail sensibility. Auctus Lab designs premium cultural merchandise, city gifts, and limited-edition products for institutions with strong visitor, community, or brand stories.

One idea that may fit your audience is a limited-edition design merchandise. We can develop a small custom capsule around a collection, landmark, event, or seasonal campaign and keep the concept retail-ready for gift shops or partner programs.

Would it be worth a brief introductory call to see whether this could fit an upcoming retail, event, or gifting priority?

Best,
Auctus Lab"
Deloitte,Corporate & Institutional Gifts,Consulting firm,New York,NY,US,https://www.deloitte.com,,,,,,https://www.deloitte.com,,,,,,,,,,,,,,https://www.deloitte.com,official_website,large consulting firm with client events and employee experience needs,corporate cultural gift,72,70,missing_contact,"Hi Deloitte team,

I noticed large consulting firm with client events and employee experience needs. Auctus Lab designs premium cultural merchandise, city gifts, and limited-edition products for institutions with strong visitor, community, or brand stories.

One idea that may fit your audience is a corporate cultural gift. We can develop a small custom capsule around a collection, landmark, event, or seasonal campaign and keep the concept retail-ready for gift shops or partner programs.

Would it be worth a brief introductory call to see whether this could fit an upcoming retail, event, or gifting priority?

Best,
Auctus Lab"
Accenture,Corporate & Institutional Gifts,Consulting firm,New York,NY,US,https://www.accenture.com,,,,,,https://www.accenture.com,,,,,,,,,,,,,,https://www.accenture.com,official_website,large consulting firm with events and corporate gift potential,corporate cultural gift,72,70,missing_contact,"Hi Accenture team,

I noticed large consulting firm with events and corporate gift potential. Auctus Lab designs premium cultural merchandise, city gifts, and limited-edition products for institutions with strong visitor, community, or brand stories.

One idea that may fit your audience is a corporate cultural gift. We can develop a small custom capsule around a collection, landmark, event, or seasonal campaign and keep the concept retail-ready for gift shops or partner programs.

Would it be worth a brief introductory call to see whether this could fit an upcoming retail, event, or gifting priority?

Best,
Auctus Lab"
JPMorgan Chase,Corporate & Institutional Gifts,Financial institution,New York,NY,US,https://www.jpmorganchase.com,,,,,,https://www.jpmorganchase.com,,,,,,,,,,,,,,https://www.jpmorganchase.com,official_website,large finance company with client and employee gifting potential,corporate cultural gift,72,70,missing_contact,"Hi JPMorgan Chase team,

I noticed large finance company with client and employee gifting potential. Auctus Lab designs premium cultural merchandise, city gifts, and limited-edition products for institutions with strong visitor, community, or brand stories.

One idea that may fit your audience is a corporate cultural gift. We can develop a small custom capsule around a collection, landmark, event, or seasonal campaign and keep the concept retail-ready for gift shops or partner programs.

Would it be worth a brief introductory call to see whether this could fit an upcoming retail, event, or gifting priority?

Best,
Auctus Lab"
Goldman Sachs,Corporate & Institutional Gifts,Financial institution,New York,NY,US,https://www.goldmansachs.com,,,,,,https://www.goldmansachs.com,,,,,,,,,,,,,,https://www.goldmansachs.com,official_website,financial institution with client event gift potential,corporate cultural gift,72,70,missing_contact,"Hi Goldman Sachs team,

I noticed financial institution with client event gift potential. Auctus Lab designs premium cultural merchandise, city gifts, and limited-edition products for institutions with strong visitor, community, or brand stories.

One idea that may fit your audience is a corporate cultural gift. We can develop a small custom capsule around a collection, landmark, event, or seasonal campaign and keep the concept retail-ready for gift shops or partner programs.

Would it be worth a brief introductory call to see whether this could fit an upcoming retail, event, or gifting priority?

Best,
Auctus Lab"
Mayo Clinic,Corporate & Institutional Gifts,Hospital system,Rochester,MN,US,https://www.mayoclinic.org,,,,,,https://www.mayoclinic.org,,,,,,,,,,,,,,https://www.mayoclinic.org,official_website,"large healthcare institution with patient, donor, and staff gift potential",corporate cultural gift,72,70,missing_contact,"Hi Mayo Clinic team,

I noticed large healthcare institution with patient, donor, and staff gift potential. Auctus Lab designs premium cultural merchandise, city gifts, and limited-edition products for institutions with strong visitor, community, or brand stories.

One idea that may fit your audience is a corporate cultural gift. We can develop a small custom capsule around a collection, landmark, event, or seasonal campaign and keep the concept retail-ready for gift shops or partner programs.

Would it be worth a brief introductory call to see whether this could fit an upcoming retail, event, or gifting priority?

Best,
Auctus Lab"
Cleveland Clinic,Corporate & Institutional Gifts,Hospital system,Cleveland,OH,US,https://my.clevelandclinic.org,,,,,,https://my.clevelandclinic.org,,,,,,,,,,,,,,https://my.clevelandclinic.org,official_website,large healthcare institution with donor and staff gifting potential,corporate cultural gift,72,70,missing_contact,"Hi Cleveland Clinic team,

I noticed large healthcare institution with donor and staff gifting potential. Auctus Lab designs premium cultural merchandise, city gifts, and limited-edition products for institutions with strong visitor, community, or brand stories.

One idea that may fit your audience is a corporate cultural gift. We can develop a small custom capsule around a collection, landmark, event, or seasonal campaign and keep the concept retail-ready for gift shops or partner programs.

Would it be worth a brief introductory call to see whether this could fit an upcoming retail, event, or gifting priority?

Best,
Auctus Lab"
Delta Air Lines,Corporate & Institutional Gifts,Airline,Atlanta,GA,US,https://www.delta.com,,,,,,https://www.delta.com,,,,,,,,,,,,,,https://www.delta.com,official_website,major airline with travel and premium customer gift potential,city landmark collection,72,70,missing_contact,"Hi Delta Air Lines team,

I noticed major airline with travel and premium customer gift potential. Auctus Lab designs premium cultural merchandise, city gifts, and limited-edition products for institutions with strong visitor, community, or brand stories.

One idea that may fit your audience is a city landmark collection. We can develop a small custom capsule around a collection, landmark, event, or seasonal campaign and keep the concept retail-ready for gift shops or partner programs.

Would it be worth a brief introductory call to see whether this could fit an upcoming retail, event, or gifting priority?

Best,
Auctus Lab"
American Express,Corporate & Institutional Gifts,Financial services,New York,NY,US,https://www.americanexpress.com,,,,,,https://www.americanexpress.com,,,,,,,,,,,,,,https://www.americanexpress.com,official_website,premium financial brand with event and member gift potential,corporate cultural gift,72,70,missing_contact,"Hi American Express team,

I noticed premium financial brand with event and member gift potential. Auctus Lab designs premium cultural merchandise, city gifts, and limited-edition products for institutions with strong visitor, community, or brand stories.

One idea that may fit your audience is a corporate cultural gift. We can develop a small custom capsule around a collection, landmark, event, or seasonal campaign and keep the concept retail-ready for gift shops or partner programs.

Would it be worth a brief introductory call to see whether this could fit an upcoming retail, event, or gifting priority?

Best,
Auctus Lab"
Barnes & Noble,Retail & Chain Companies,Bookstore chain,New York,NY,US,https://www.barnesandnoble.com,https://www.barnesandnoble.com,,https://www.barnesandnoble.com,,,,,,,Retail buying / partnerships team,,,,,,,,,,https://www.barnesandnoble.com,official_store,national bookstore chain with gift and education products,children's educational gift,76,78,manual_review,"Hi Barnes & Noble team,

I noticed national bookstore chain with gift and education products. Auctus Lab designs premium cultural merchandise, city gifts, and limited-edition products for institutions with strong visitor, community, or brand stories.

One idea that may fit your audience is a children's educational gift. We can develop a small custom capsule around a collection, landmark, event, or seasonal campaign and keep the concept retail-ready for gift shops or partner programs.

Would it be worth a brief introductory call to see whether this could fit an upcoming retail, event, or gifting priority?

Best,
Auctus Lab"
Paper Source,Retail & Chain Companies,Stationery retailer,Chicago,IL,US,https://www.papersource.com,https://www.papersource.com,,https://www.papersource.com,,,,,,,Retail buying / partnerships team,,,,,,,,,,https://www.papersource.com,official_store,stationery and gift retailer with design merchandise fit,limited-edition design merchandise,76,78,manual_review,"Hi Paper Source team,

I noticed stationery and gift retailer with design merchandise fit. Auctus Lab designs premium cultural merchandise, city gifts, and limited-edition products for institutions with strong visitor, community, or brand stories.

One idea that may fit your audience is a limited-edition design merchandise. We can develop a small custom capsule around a collection, landmark, event, or seasonal campaign and keep the concept retail-ready for gift shops or partner programs.

Would it be worth a brief introductory call to see whether this could fit an upcoming retail, event, or gifting priority?

Best,
Auctus Lab"
Uncommon Goods,Retail & Chain Companies,Online gift retailer,Brooklyn,NY,US,https://www.uncommongoods.com,https://www.uncommongoods.com,,https://www.uncommongoods.com,,,,,,,Retail buying / partnerships team,,,,,,,,,,https://www.uncommongoods.com,official_store,online gift marketplace with maker and cultural product fit,limited-edition design merchandise,76,78,manual_review,"Hi Uncommon Goods team,

I noticed online gift marketplace with maker and cultural product fit. Auctus Lab designs premium cultural merchandise, city gifts, and limited-edition products for institutions with strong visitor, community, or brand stories.

One idea that may fit your audience is a limited-edition design merchandise. We can develop a small custom capsule around a collection, landmark, event, or seasonal campaign and keep the concept retail-ready for gift shops or partner programs.

Would it be worth a brief introductory call to see whether this could fit an upcoming retail, event, or gifting priority?

Best,
Auctus Lab"
Poketo,Retail & Chain Companies,Design store,Los Angeles,CA,US,https://www.poketo.com,https://www.poketo.com,,https://www.poketo.com,,,,,,,Retail buying / partnerships team,,,,,,,,,,https://www.poketo.com,official_store,design store with colorful creative merchandise audience,limited-edition design merchandise,76,78,manual_review,"Hi Poketo team,

I noticed design store with colorful creative merchandise audience. Auctus Lab designs premium cultural merchandise, city gifts, and limited-edition products for institutions with strong visitor, community, or brand stories.

One idea that may fit your audience is a limited-edition design merchandise. We can develop a small custom capsule around a collection, landmark, event, or seasonal campaign and keep the concept retail-ready for gift shops or partner programs.

Would it be worth a brief introductory call to see whether this could fit an upcoming retail, event, or gifting priority?

Best,
Auctus Lab"
Kinokuniya USA,Retail & Chain Companies,Bookstore chain,New York,NY,US,https://usa.kinokuniya.com,https://united-states.kinokuniya.com,,https://united-states.kinokuniya.com,,,,,,,Retail buying / partnerships team,,,,,,,,,,https://united-states.kinokuniya.com,official_store,Asian bookstore chain with stationery and gift audience,panda / Chinese culture collection,76,78,manual_review,"Hi Kinokuniya USA team,

I noticed Asian bookstore chain with stationery and gift audience. Auctus Lab designs premium cultural merchandise, city gifts, and limited-edition products for institutions with strong visitor, community, or brand stories.

One idea that may fit your audience is a panda / Chinese culture collection. We can develop a small custom capsule around a collection, landmark, event, or seasonal campaign and keep the concept retail-ready for gift shops or partner programs.

Would it be worth a brief introductory call to see whether this could fit an upcoming retail, event, or gifting priority?

Best,
Auctus Lab"
H Mart,Retail & Chain Companies,Asian supermarket chain,Lyndhurst,NJ,US,https://www.hmart.com,https://www.hmart.com,,https://www.hmart.com,,,,,,,Retail buying / partnerships team,,,,,,,,,,https://www.hmart.com,official_store,Asian supermarket chain with food gift and cultural product relevance,custom edible souvenir,76,78,manual_review,"Hi H Mart team,

I noticed Asian supermarket chain with food gift and cultural product relevance. Auctus Lab designs premium cultural merchandise, city gifts, and limited-edition products for institutions with strong visitor, community, or brand stories.

One idea that may fit your audience is a custom edible souvenir. We can develop a small custom capsule around a collection, landmark, event, or seasonal campaign and keep the concept retail-ready for gift shops or partner programs.

Would it be worth a brief introductory call to see whether this could fit an upcoming retail, event, or gifting priority?

Best,
Auctus Lab"
99 Ranch Market,Retail & Chain Companies,Asian supermarket chain,Buena Park,CA,US,https://www.99ranch.com,https://www.99ranch.com,,https://www.99ranch.com,,,,,,,Retail buying / partnerships team,,,,,,,,,,https://www.99ranch.com,official_store,Asian supermarket chain with cultural grocery audience,custom edible souvenir,76,78,manual_review,"Hi 99 Ranch Market team,

I noticed Asian supermarket chain with cultural grocery audience. Auctus Lab designs premium cultural merchandise, city gifts, and limited-edition products for institutions with strong visitor, community, or brand stories.

One idea that may fit your audience is a custom edible souvenir. We can develop a small custom capsule around a collection, landmark, event, or seasonal campaign and keep the concept retail-ready for gift shops or partner programs.

Would it be worth a brief introductory call to see whether this could fit an upcoming retail, event, or gifting priority?

Best,
Auctus Lab"
Weee!,Retail & Chain Companies,Online grocery platform,Fremont,CA,US,https://www.sayweee.com,https://www.sayweee.com,,https://www.sayweee.com,,,,,,,Retail buying / partnerships team,,,,,,,,,,https://www.sayweee.com,official_store,online Asian grocery platform with food gift relevance,custom edible souvenir,76,78,manual_review,"Hi Weee! team,

I noticed online Asian grocery platform with food gift relevance. Auctus Lab designs premium cultural merchandise, city gifts, and limited-edition products for institutions with strong visitor, community, or brand stories.

One idea that may fit your audience is a custom edible souvenir. We can develop a small custom capsule around a collection, landmark, event, or seasonal campaign and keep the concept retail-ready for gift shops or partner programs.

Would it be worth a brief introductory call to see whether this could fit an upcoming retail, event, or gifting priority?

Best,
Auctus Lab"
World Market,Retail & Chain Companies,Lifestyle retailer,Alameda,CA,US,https://www.worldmarket.com,https://www.worldmarket.com,,https://www.worldmarket.com,,,,,,,Retail buying / partnerships team,,,,,,,,,,https://www.worldmarket.com,official_store,lifestyle retailer carrying global gifts and food products,city landmark collection,76,78,manual_review,"Hi World Market team,

I noticed lifestyle retailer carrying global gifts and food products. Auctus Lab designs premium cultural merchandise, city gifts, and limited-edition products for institutions with strong visitor, community, or brand stories.

One idea that may fit your audience is a city landmark collection. We can develop a small custom capsule around a collection, landmark, event, or seasonal campaign and keep the concept retail-ready for gift shops or partner programs.

Would it be worth a brief introductory call to see whether this could fit an upcoming retail, event, or gifting priority?

Best,
Auctus Lab"
LEGO Store,Retail & Chain Companies,Toy retailer,New York,NY,US,https://www.lego.com/en-us/stores,https://www.lego.com/en-us/stores,,https://www.lego.com/en-us/stores,,,,,,,Retail buying / partnerships team,,,,,,,,,,https://www.lego.com/en-us/stores,official_store,toy retail channel with educational/family audience,children's educational gift,76,78,manual_review,"Hi LEGO Store team,

I noticed toy retail channel with educational/family audience. Auctus Lab designs premium cultural merchandise, city gifts, and limited-edition products for institutions with strong visitor, community, or brand stories.

One idea that may fit your audience is a children's educational gift. We can develop a small custom capsule around a collection, landmark, event, or seasonal campaign and keep the concept retail-ready for gift shops or partner programs.

Would it be worth a brief introductory call to see whether this could fit an upcoming retail, event, or gifting priority?

Best,
Auctus Lab"
Sakura Matsuri - Brooklyn Botanic Garden,Influencers & Events,Cultural festival,Brooklyn,NY,US,https://www.bbg.org/collections/cherries,,,,,,https://www.bbg.org/collections/cherries,,,,,,,,,,,,,,https://www.bbg.org/collections/cherries,official_website,large cherry blossom cultural event audience,festival gift box,70,72,missing_contact,"Hi Sakura Matsuri - Brooklyn Botanic Garden team,

I noticed large cherry blossom cultural event audience. Auctus Lab designs premium cultural merchandise, city gifts, and limited-edition products for institutions with strong visitor, community, or brand stories.

One idea that may fit your audience is a festival gift box. We can develop a small custom capsule around a collection, landmark, event, or seasonal campaign and keep the concept retail-ready for gift shops or partner programs.

Would it be worth a brief introductory call to see whether this could fit an upcoming retail, event, or gifting priority?

Best,
Auctus Lab"
National Cherry Blossom Festival,Influencers & Events,City festival,Washington,DC,US,https://nationalcherryblossomfestival.org,,,,,,https://nationalcherryblossomfestival.org,,,,,,,,,,,,,,https://nationalcherryblossomfestival.org,official_website,major city festival with cultural gift potential,festival gift box,70,72,missing_contact,"Hi National Cherry Blossom Festival team,

I noticed major city festival with cultural gift potential. Auctus Lab designs premium cultural merchandise, city gifts, and limited-edition products for institutions with strong visitor, community, or brand stories.

One idea that may fit your audience is a festival gift box. We can develop a small custom capsule around a collection, landmark, event, or seasonal campaign and keep the concept retail-ready for gift shops or partner programs.

Would it be worth a brief introductory call to see whether this could fit an upcoming retail, event, or gifting priority?

Best,
Auctus Lab"
San Francisco Chinese New Year Festival & Parade,Influencers & Events,Lunar New Year event,San Francisco,CA,US,https://chineseparade.com,,,,,,https://chineseparade.com,,,,,,,,,,,,,,https://chineseparade.com,official_website,major Chinatown Lunar New Year event,panda / Chinese culture collection,70,72,missing_contact,"Hi San Francisco Chinese New Year Festival & Parade team,

I noticed major Chinatown Lunar New Year event. Auctus Lab designs premium cultural merchandise, city gifts, and limited-edition products for institutions with strong visitor, community, or brand stories.

One idea that may fit your audience is a panda / Chinese culture collection. We can develop a small custom capsule around a collection, landmark, event, or seasonal campaign and keep the concept retail-ready for gift shops or partner programs.

Would it be worth a brief introductory call to see whether this could fit an upcoming retail, event, or gifting priority?

Best,
Auctus Lab"
Lunar New Year Parade & Festival NYC,Influencers & Events,Lunar New Year event,New York,NY,US,https://betterchinatown.com,,,,,,https://betterchinatown.com,,,,,,,,,,,,,,https://betterchinatown.com,official_website,NY Chinatown cultural event audience,panda / Chinese culture collection,70,72,missing_contact,"Hi Lunar New Year Parade & Festival NYC team,

I noticed NY Chinatown cultural event audience. Auctus Lab designs premium cultural merchandise, city gifts, and limited-edition products for institutions with strong visitor, community, or brand stories.

One idea that may fit your audience is a panda / Chinese culture collection. We can develop a small custom capsule around a collection, landmark, event, or seasonal campaign and keep the concept retail-ready for gift shops or partner programs.

Would it be worth a brief introductory call to see whether this could fit an upcoming retail, event, or gifting priority?

Best,
Auctus Lab"
LA Times Festival of Books,Influencers & Events,Book fair,Los Angeles,CA,US,https://events.latimes.com/festivalofbooks/,,,,,,https://events.latimes.com/festivalofbooks/,,,,,,,,,,,,,,https://events.latimes.com/festivalofbooks/,official_website,large book fair with family and education audience,festival gift box,70,72,missing_contact,"Hi LA Times Festival of Books team,

I noticed large book fair with family and education audience. Auctus Lab designs premium cultural merchandise, city gifts, and limited-edition products for institutions with strong visitor, community, or brand stories.

One idea that may fit your audience is a festival gift box. We can develop a small custom capsule around a collection, landmark, event, or seasonal campaign and keep the concept retail-ready for gift shops or partner programs.

Would it be worth a brief introductory call to see whether this could fit an upcoming retail, event, or gifting priority?

Best,
Auctus Lab"
SXSW,Influencers & Events,Conference and festival,Austin,TX,US,https://www.sxsw.com,,,,,,https://www.sxsw.com,,,,,,,,,,,,,,https://www.sxsw.com,official_website,large conference/festival with branded merchandise potential,influencer limited-edition merchandise,70,72,missing_contact,"Hi SXSW team,

I noticed large conference/festival with branded merchandise potential. Auctus Lab designs premium cultural merchandise, city gifts, and limited-edition products for institutions with strong visitor, community, or brand stories.

One idea that may fit your audience is a influencer limited-edition merchandise. We can develop a small custom capsule around a collection, landmark, event, or seasonal campaign and keep the concept retail-ready for gift shops or partner programs.

Would it be worth a brief introductory call to see whether this could fit an upcoming retail, event, or gifting priority?

Best,
Auctus Lab"
ComplexCon,Influencers & Events,Culture festival,Long Beach,CA,US,https://www.complexcon.com,,,,,,https://www.complexcon.com,,,,,,,,,,,,,,https://www.complexcon.com,official_website,large creator/streetwear culture event,influencer limited-edition merchandise,70,72,missing_contact,"Hi ComplexCon team,

I noticed large creator/streetwear culture event. Auctus Lab designs premium cultural merchandise, city gifts, and limited-edition products for institutions with strong visitor, community, or brand stories.

One idea that may fit your audience is a influencer limited-edition merchandise. We can develop a small custom capsule around a collection, landmark, event, or seasonal campaign and keep the concept retail-ready for gift shops or partner programs.

Would it be worth a brief introductory call to see whether this could fit an upcoming retail, event, or gifting priority?

Best,
Auctus Lab"
New York Comic Con,Influencers & Events,Pop culture event,New York,NY,US,https://www.newyorkcomiccon.com,,,,,,https://www.newyorkcomiccon.com,,,,,,,,,,,,,,https://www.newyorkcomiccon.com,official_website,large fan event with limited edition merchandise culture,limited-edition design merchandise,70,72,missing_contact,"Hi New York Comic Con team,

I noticed large fan event with limited edition merchandise culture. Auctus Lab designs premium cultural merchandise, city gifts, and limited-edition products for institutions with strong visitor, community, or brand stories.

One idea that may fit your audience is a limited-edition design merchandise. We can develop a small custom capsule around a collection, landmark, event, or seasonal campaign and keep the concept retail-ready for gift shops or partner programs.

Would it be worth a brief introductory call to see whether this could fit an upcoming retail, event, or gifting priority?

Best,
Auctus Lab"
Travel + Leisure,Influencers & Events,Travel media community,New York,NY,US,https://www.travelandleisure.com,,,,,,https://www.travelandleisure.com,,,,,,,,,,,,,,https://www.travelandleisure.com,official_website,large travel media audience and destination gift relevance,city landmark collection,70,72,missing_contact,"Hi Travel + Leisure team,

I noticed large travel media audience and destination gift relevance. Auctus Lab designs premium cultural merchandise, city gifts, and limited-edition products for institutions with strong visitor, community, or brand stories.

One idea that may fit your audience is a city landmark collection. We can develop a small custom capsule around a collection, landmark, event, or seasonal campaign and keep the concept retail-ready for gift shops or partner programs.

Would it be worth a brief introductory call to see whether this could fit an upcoming retail, event, or gifting priority?

Best,
Auctus Lab"
Time Out New York,Influencers & Events,Local culture media,New York,NY,US,https://www.timeout.com/newyork,,,,,,https://www.timeout.com/newyork,,,,,,,,,,,,,,https://www.timeout.com/newyork,official_website,large local culture and events audience,city landmark collection,70,72,missing_contact,"Hi Time Out New York team,

I noticed large local culture and events audience. Auctus Lab designs premium cultural merchandise, city gifts, and limited-edition products for institutions with strong visitor, community, or brand stories.

One idea that may fit your audience is a city landmark collection. We can develop a small custom capsule around a collection, landmark, event, or seasonal campaign and keep the concept retail-ready for gift shops or partner programs.

Would it be worth a brief introductory call to see whether this could fit an upcoming retail, event, or gifting priority?

Best,
Auctus Lab"